sample_id,load_time,p2p_edge_time,comment
GUT_GENOME221102,0.8721249103546143,0.5266578197479248,
9217881,1.0405619144439697,0.5427072048187256,
9217271,1.0126800537109375,0.42145609855651855,
