sample_id,load_time,p2p_edge_time,comment
8133961,1.0167510509490967,0.1398327350616455,11_05-testrun-sqlite3-jluo-notebook
7229481,1.2657761573791504,0.18845772743225098,11_05-testrun-sqlite3-jluo-notebook
8042171,1.5996241569519043,0.28424501419067383,11_05-testrun-sqlite3-jluo-notebook
8151341,1.7316958904266357,0.2256169319152832,11_05-testrun-sqlite3-jluo-notebook
7240481,1.959470510482788,0.8398997783660889,11_05-testrun-sqlite3-jluo-notebook
8042821,2.5145931243896484,0.27628421783447266,11_05-testrun-sqlite3-jluo-notebook
