sample_id,load_time,p2p_edge_time,comment
8156401,2.6716108322143555,2.306288957595825,asdf
